Penal_ABUSO SEXUAL INFANTIL,41
Civil_ACCIÓN PAULIANA,6
Civil_ACCIÓN DE PAGO_DE OBLIGACIONES PACTADAS EN CONTRATO,46
Civil_ACCIÓN DE PRESCRIPCIÓN POSITIVA,69
Familiar_MODIFICACIÓN DE ACTAS DEL ESTADO CIVIL_ANOTACIÓN,448
Familiar_VISITAS Y CONVIVENCIAS,1125
Familiar_SUCESORIO_INTESTAMENTARIO,151
Civil_DILIGENCIAS DE INFORMACIÓN AD PERPETUAM,140
Familiar_DIVORCIO,453
"Mercantil_CONTRATOS (COMPRAVENTA, ARRENDAMIENTO, SEGURO)_RESCISIÓN",8
Penal_ROBO CALIFICADO,1875
Penal_SECUESTRO,80
Civil_ACCIÓN DE DIVORCIO NECESARIO,659
Penal_FRAUDE GENERICO,266
Civil_ACCIONES RELATIVAS AL ARRENDAMIENTO_RESCISIÓN_PAGO,4
Civil_ACCIÓN DE USUCAPIÓN,351
Penal_FRAUDE ESPECIFICO,178
Civil_JUICIO SUCESORIO INTESTAMENTARIO,302
Civil_ACCIÓN PROFORMA,338
Civil_ACCIÓN DE DIVORCIO,521
Mercantil_ACCIÓN DE PAGO,1043
Civil_ACCIÓN DE PAGO_OTRAS,42
Mercantil_ACCIÓN DE CUMPLIMIENTO DE CONTRATO,275
Civil_ACCIÓN REIVINDICATORIA,825
Civil_ACCIÓN RESCISIÓN DE CONTRATO DE COMPRAVENTA,169
Civil_ACCIÓN DE PAGO DE PENSIÓN ALIMENTICIA,267
Penal_VIOLENCIA INTRAFAMILIAR Y AMENAZAS,10
Penal_ROBO CALIFICADO Y OTROS,20
Penal_DESPOJO DE INMUEBLES Y AGUAS,53
Penal_ROBO CALIFICADO Y DELINCUENCIA ORGANIZADA,16
Civil_ACCIÓN DE PAGO,645
Familiar_SUCESORIO_INTESTAMENTARIO_OTRAS,21
Civil_ACCIÓN RESCISIÓN DE CONTRATO DE ARRENDAMIENTO,752
Civil_OTRAS,687
Penal_HOMICIDIO CALIFICADO Y ROBO  DE INFANTE,1
Penal_TENTATIVA DE ROBO CALIFICADO,61
Penal_DAÑO EN LAS COSAS A TITULO DE CULPA,79
Penal_HOMICIDIO CALIFICADO,2256
Penal_HOMICIDIO CALIFICADO Y ROBO CALIFICADO,27
Penal_HOMICIDIO CALIFICADO Y HOMICIDIO CALIFICADO EN GRADO DE TENTATIVA,17
Penal_HOMICIDIO A TITULO DE CULPA GRAVE Y OTROS,2
Penal_ROBO SIMPLE,33
Penal_VIOLACION,98
Penal_SECUESTRO AGRAVADO,64
Penal_ABANDONO DE FAMILIARES,84
Penal_LESIONES Y DAÑO EN LAS COSAS,6
Penal_ROBO CALIFICADO EN GRADO DE TENTATIVA,35
Penal_LESIONES A TITULO DE CULPA,60
Penal_LESIONES,51
Penal_DAÑO EN LAS COSAS COMETIDO A TITULO DE CULPA,4
Penal_VIOLENCIA INTRAFAMILIAR Y ABANDONO DE PERSONAS,1
Penal_HOMICIDIO CALIFICADO EN GRADO DE TENTATIVA,48
Penal_HOMICIDIO CALIFICADO Y LESIONES CALIFICADAS,9
Civil_ACCIÓN DE PETICIÓN DE HERENCIA,582
Familiar_DIVORCIO_INCAUSADO,17
Civil_ACCIÓN DE NULIDAD_OTRAS,17
Penal_TENTATIVA DE HOMICIDIO CALIFICADO,41
Penal_HOMICIDIO SIMPLE INTENCIONAL,58
Penal_DESPOJO,55
Penal_DESPOJO DE INMUEBLES,297
Penal_EXTORSION Y OTROS,9
"Penal_CORRUPCION DE MENORES, ABUSO SEXUAL INFANTIL AGRAVADO Y PROSTITUCION INFANTIL",4
Penal_TENTATIVA DE HOMICIDIO CALIFICADO Y OTROS,7
Penal_ABUSO  SEXUAL INFANTIL,96
Penal_HOMICIDIO Y LESIONES A TITULO DE CULPA,3
Penal_TENTATIVA DE HOMICIDIO CALIFICADO CON VENTAJA Y ALEVOSIA,1
Penal_CONTRA LA SALUD EN SU MODALIDAD DE NARCOMENUDEO,40
Penal_ABUSO DE CONFIANZA,33
Penal_FEMINICIDIO,42
Penal_ROBO EQUIPARADO EN SU MODALIDAD DE UTILIZAR LOS AUTOMOTORES ROBADOS A SABIENDAS DE SU ORIGEN ILICITO,3
Penal_ABUSO  SEXUAL INFANTIL AGRAVADO,120
Penal_DESAPARICIÓN FORZADA DE PERSONAS,21
Civil_ACCIÓN CONFESORIA_CONSTITUCIÓN  DE SERVIDUMBRE,2
Civil_ACCIONES RELATIVAS AL ARRENDAMIENTO_PAGO RENTAS ,4
Penal_TENTATIVA DE HOMICIDIO,14
Penal_ROBO CALIFICADO Y VIOLACION,2
Penal_HOMICIDIO A TITULO DE CULPA GRAVE,152
Penal_ROBO EQUIPARADO,62
Penal_HOMICIDIO CALIFICADO Y TENTATIVA DE HOMICIDIO CALIFICADO,18
Penal_DAÑO EN LAS COSAS,41
Penal_SECUESTRO Y ASOCIACIÓN DELICTUOSA,7
Mercantil_MEDIOS PREPARATORIOS DE JUICIO,12
Mercantil_ACCIÓN DE PAGO_CRÉDITOS,1270
Civil_ACCIÓN DE ANOTACIÓN DE ACTA,184
Civil_ACCIÓN DE CUSTODIA Y ALIMENTOS,73
Civil_ACCIÓN DE TERMINACIÓN DE CONTRATO DE ARRENDAMIENTO,439
Civil_ACCIÓN DE DISOLUCIÓN DE VINCULO MATRIMONIAL,365
Civil_ACCIÓN DE NULIDAD,371
Mercantil_ACCIÓN DE RESCISIÓN,290
Penal_LESIONES DOLOSAS,26
Penal_ABUSO SEXUAL INFANTIL AGRAVADO,61
Civil_ACCIÓN DE DAÑO MORAL,33
Civil_RECONOCIMIENTO DE PATERNIDAD,73
Penal_SECUESTRO CON EL PROPOSITO DE OBTENER UN RESCATE,5
Penal_TENTATIVA DE ABUSO SEXUAL INFANTIL AGRAVADO,3
Civil_ACCIÓN DERIVADA DE LA COPROPIEDAD,33
Familiar_SUCESORIO_TESTAMENTARIO,70
Civil_ACCIÓN DE SANEAMIENTO_POR VICIOS OCULTOS_DAÑOS Y PERJUICIOS,1
Penal_MALTRATO INFANTIL ,11
Penal_HOMICIDIO EN RIÑA,26
Penal_LESIONES Y OTROS,3
Familiar_CONTRADICCIÓN DE PATERNIDAD Y MATERNIDAD. (FILIACIÓN)_DESCONOCIMIENTO_OTRAS,1
Civil_ACCIÓN DE CUMPLIMIENTO DE CONTRATO_DONACIÓN,1
Penal_ROBO,15
Civil_ACCIÓN DE NULIDAD DE ACTA,68
Penal_AMENAZAS,13
Familiar_DIVORCIO_INCAUSADO_GUARDA Y CUSTODIA,8
Mercantil_ACCIÓN CAMBIARIA DIRECTA_COBRO TÍTULO DE CRÉDITO,57
Penal_DESPOJO DE INMUEBLE,2
Penal_DESAPARICION COMETIDA POR PARTICULARES,6
Penal_ABUSO SEXUAL INFANTIL Y CORRUPCION DE MENORES,14
Civil_VENCIMIENTO ANTICIPADO DEL CONTRATO,438
Civil_ACCIONES RELATIVAS AL COMODATO,2
Civil_EXCLUYENTE DE DOMINIO,3
Mercantil_CANCELACIÓN DE TÍTULO DE CRÉDITO,8
Familiar_ALIMENTOS_MENORES,6
Mercantil_ACCIÓN CAMBIARIA DIRECTA,425
Civil_RESCISIÓN ,190
"Civil_PAGO, DAÑOS Y PERJUICIOS",83
Penal_VIOLENCIA FAMILIAR,9
Familiar_TESTAMENTO,35
Civil_ACCIÓN REIVINDICATORIA_OTRAS,41
Civil_MEDIOS PREPARATORIOS A JUICIO,51
Familiar_HOMOLOGACIÓN DE SENTENCIA,10
Penal_HOMICIDIO CALIFICADO Y OTROS DELITOS,13
Penal_VIOLENCIA FAMILIAR Y LESIONES,4
Penal_DAÑO EN LAS COSAS Y LESIONES,5
Penal_ADMINISTRACION FRAUDULENTA,20
Familiar_DIVORCIO_INCAUSADO_ALIMENTOS,27
Civil_ACCIÓN RESCISIÓN DE CONTRATO,38
Penal_ABIGEATO,8
Penal_VIOLENCIA INTRAFAMILIAR,83
Civil_ACCIÓN HIPOTECARIA,328
Civil_ACCIÓN DE NULIDAD DE CONTRATO DE COMPRAVENTA,49
Penal_HOMICIDIO A TITULO DE CULPA,43
Penal_DELITOS EN MATERIA DE SECUESTRO AGRAVADO,7
Penal_TRATA DE PERSONAS,2
Penal_CORRUPCION DE MENORES,9
Penal_VIOLENCIA INTRAFAMILIAR EQUIPARADA Y LESIONES,1
Penal_PARRICIDIO,48
Civil_ACCIÓN DE NULIDAD DE ESCRITURA,336
Civil_ACCIÓN DE RESPONSABILIDAD CIVIL OBJETIVA,379
Penal_VIOLENCIA INTRAFAMILIAR Y LESIONES,46
Penal_CONTRA LA SALUD,29
Penal_FALSIFICACION DE DOCUMENTOS EN GENERAL,14
Penal_EXTORSION,31
Penal_LESIONES Y DAÑO EN LAS COSAS AMBOS A TITULO DE CULPA,11684
Penal_HOMICIDIO,28
Penal_ROBO EQUIPARADO EN SU MODALIDAD DE DESMANTELAMIENTO,25
Penal_FALSEDAD EN DECLARACIONES Y EN INFORMES DADOS A UNA AUTORIDAD,22
Mercantil_ACCIÓN DE PAGO DE DAÑOS Y PERJUICIOS,19
Civil_TERCERIA EXCLUYENTE DE DOMINIO,32
Civil_ACCIÓN DE CUMPLIMIENTO DE CONTRATO_PRESTACIÓN DE SERVICIOS _OTROS,13
Civil_ACCIÓN DE TERMINACIÓN DE CONTRATO DE COMODATO,51
Civil_ACCIÓN DE PAGO DE LO INDEBIDO,3
"Penal_HOMICIDIO, LESIONES Y DAÑO EN LAS COSAS A TITULO DE CULPA",6
Civil_ACCIÓN DE CUMPLIMIENTO DE CONTRATO DE COMPRAVENTA,141
Penal_ABUSO DE AUTORIDAD,31
Penal_DELINCUENCIA ORGANIZADA,7
Civil_TESTAMENTARIA,20
Mercantil_ACCIÓN DE NULIDAD,79
Penal_ABUSO SEXUAL INFANTIL AGRAVADO Y MALTRATO INFANTIL,1
Penal_HOMICIDIO CALIFICADO Y PARRICIDIO,3
Penal_LESIONES SIMPLES INTENCIONALES,5
"Penal_HOSTIGAMIENTO, ACOSO SEXUAL Y CONTRA LA DIGNIDAD DE LAS PERSONAS",2
Civil_PLENARIA DE POSESION,90
Mercantil_ACCIÓN CAUSAL,32
Penal_LESIONES CULPOSAS,15
Penal_DAÑO EN LAS COSAS Y LESIONES CULPOSO,1
Penal_FRAUDE PROCESAL,15
Civil_ACCIÓN INTERDICTAL,18
Civil_ACCIÓN DE NULIDAD_NULIDAD DE CONTRATO,2
Penal_FEMINICIDIO EN GRADO DE TENTATIVA,3
Penal_LESIONES CALIFICADAS,141
Civil_PLENARIA DE POSESION_OTRAS,5
Civil_INFORMACIÓN TESTIMONIAL_OTRAS,3
Civil_ACCIÓN PROFORMA_OTRAS,21
Penal_POSESION DE COSA MUEBLE ROBADA,1
Familiar_ALIMENTOS,47
Familiar_GUARDA Y CUSTODIA_MENOR,10
Familiar_DIVORCIO_INCAUSADO_LIQUIDACIÓN DE LA SOCIEDAD,4
Familiar_CONTRADICCIÓN DE PATERNIDAD Y MATERNIDAD. (FILIACIÓN)_RECONOCIMIENTO_VISITAS Y CONVIVENCIAS,1
Civil_ACCIÓN DE FIJACIÓN DE VISITAS Y CONVIVENCIA,48
Civil_ACCIÓN DE CUMPLIMIENTO DE CONTRATO DE ARRENDAMIENTO,52
Penal_HOMICIDIO CULPOSO,63
Penal_VIOLACION EQUIPARADA,26
Penal_PARRICIDIO Y HOMICIDIO CALIFICADO,5
Penal_VIOLACION Y ROBO CALIFICADO,5
Penal_HOMICIDIO EN GRADO DE TENTATIVA,6
Penal_RESPONSABILIDAD MEDICA Y LESIONES A TITULO DE CULPA,1
Penal_RESPONSABILIDAD MEDICA Y LESIONES,4
Penal_ROBO CALIFICADO EN GRADO DE TENTATIVA Y OTRO,2
"Penal_HOMICIDIO, LESIONES Y DAÑOS TODOS A TITULO DE CULPA",1
Familiar_DIVORCIO_ALIMENTOS,8
Penal_TENTATIVA DE HOMICIDIO CALIFICADO Y ROBO CALIFICADO,3
Familiar_INFORMACIÓN TESTIMONIAL,10
Penal_FRAUDE ESPECIFICO Y OTRO,3
Civil_ACCIÓN DE CUMPLIMIENTO DE CONTRATO_OTROS_OTROS,10
"Penal_VIOLACION EQUIPARADA, VIOLENCIA INTRAFAMILIAR EQUIPARADA Y LESIONES SIMPLES DOLOSAS",1
Civil_ACCIÓN DE LIQUIDACIÓN_LIQUIDACIÓN DE SOCIEDAD,2
Civil_ACCIÓN DE DIVISIÓN DE COSA COMÚN,80
Civil_JUICIO SUCESORIO TESTAMENTARIO,197
Penal_HOMICIDIO SIMPLE INTENCIONAL Y OTRO,3
Penal_LESIONES Y ALLANAMIENTO DE MORADA,2
Penal_RESPONSABILIDAD PROFESIONAL Y TECNICA,3
Penal_ROBO CALIFICADO Y LESIONES,9
Civil_ACCIÓN PUBLICIANA,30
Civil_ACCIÓN DIVORCIO POR MUTUO CONSENTIMIENTO,33
Mercantil_ACCIÓN DE PAGO_FACTURAS,12
Civil_DESCONOCIMIENTO DE PATERNIDAD,16
Penal_HOSTIGAMIENTO SEXUAL,7
Penal_FRAUDE,29
Penal_ADQUISICION ILEGITIMA DE BIENES MATERIA DE UN DELITO O UNA FRACCION PENAL,44
Civil_ACCIÓN DE NULIDAD_NULIDAD DE ESCRITURA,11
Penal_PARRICIDIO EN GRADO DE TENTATIVA,5
Civil_ACCIÓN DE LIQUIDACIÓN_OTRAS,2
Civil_ACCIÓN DE NULIDAD_NULIDAD DE CONTRATO_CANCELACIÓN EN REGISTRO PUBLICO,5
Penal_ABUSO  SEXUAL INFANTIL AGRAVADO Y OTRO,56
Mercantil_ACCIÓN DE RECONOCIMIENTO DE PAGO,15
Civil_INTERDICTO DE OBRA PELIGROSA,9
Civil_ACCIÓN DE TERMINACIÓN DE CONTRATO DE COMPRAVENTA,16
Civil_JURISDICCION VOLUNTARIA DECLARACION DE CONCUBINATO,29
Penal_RESPONSABILIDAD MEDICA Y OTROS,2
Penal_TENTATIVA DE PARRICIDIO Y VIOLENCIA FAMILIAR,3
Penal_QUEJA PROCESAL,7
Penal_DELITOS COMETIDOS  CONTRA REPRESENTANTES DE LA AUTORIDAD,6
"Penal_PARRICIDIO, MALTRATO AL INFANTE Y VIOLENCIA INTRAFAMILIAR",1
Penal_ALLANAMIENTO DE MORADA,5
Familiar_MUTUO CONSENTIMIENTO,8
Civil_ACCIÓN RESCISIÓN DE CONTRATO_OTROS_OTROS,5
Penal_VIOLENCIA INTRAFAMILIAR Y LESIONES DOLOSAS,12
Penal_VIOLENCIA INTRAFAMILIAR EQUIPARADA,9
Civil_ACCIÓN DE CUMPLIMIENTO DE CONTRATO,122
Civil_ACCIÓN DE SOLICITUD DE CUSTODIA,32
Civil_JACTANCIA ,12
Civil_ACCIÓN DE CUMPLIMIENTO DE CONTRATO_HIPOTECA,2
Mercantil_EJECUCIÓN DE FIDEICOMISO,10
Civil_ACCIONES DERIVADAS DEL RÉGIMEN CONDOMINAL_PAGO CUOTAS,2
Civil_ACCIONES DERIVADAS DEL RÉGIMEN CONDOMINAL_CONVOCATORIA ASAMBLEA,1
Penal_HOMICIDIO CALIFICADO EN SU MODALIDAD DE VENTAJA,5
Mercantil_TERCERIA EXCLUYENTE DE DOMINIO,254
Familiar_CONTRADICCIÓN DE PATERNIDAD Y MATERNIDAD. (FILIACIÓN),9
Civil_ACCIÓN DE RENDICIÓN DE CUENTAS,28
Familiar_MODIFICACIÓN DE ACTAS DEL ESTADO CIVIL_RECTIFICACIÓN,340
"Mercantil_CONTRATOS (COMPRAVENTA, ARRENDAMIENTO, SEGURO)_NULIDAD",3
Familiar_SUCESORIO_OTRAS,1
Penal_VIOLACION EN GRADO DE TENTANTIVA,6
Penal_DAÑO EN LAS COSAS CULPOSO,14
Penal_HOMICIDIO EN RIÑA Y OTROS,3
Civil_ACCIÓN DE NULIDAD_OTRAS_OTRAS,19
Penal_DESPOJO DE INMUEBLE Y OTRO,2
Penal_ABUSO DE AUTORIDAD Y OTRO,5
Civil_DILIGENCIAS DE APEO Y DESLINDE,28
Civil_NULIDAD ABSOLUTA ,81
"Penal_FALSIFICACION DE DOCUMENTOS EXPEDIDOS POR LOS PODERES DEL ESTADO, ORGANISMOS AUTONOMOS EN SU MODALIDAD DE USO",2
Penal_HOMICIDIO CALIFICADO EN GRADO DE TENTATIVA Y DAÑO EN LAS COSAS,2
Civil_NULIDAD DE CONTRATO_OTROS_OTROS,1
Penal_DESAPARICION FORZADA DE PERSONA,1
Penal_ABANDONO DE FAMILIARES Y OTRO,5
Mercantil_EJECUCIÓN DE PRENDA,9
Civil_HIPOTECARIA,35
Civil_ACCIÓN DE RECTIFICACIÓN DE ACTA,170
Civil_ACCIÓN DE PAGO_PAGO DE PESOS,22
Civil_ACCIÓN DE NULIDAD_NULIDAD DE ESCRITURA_CANCELACIÓN EN REGISTRO PUBLICO,5
Penal_LESIONES Y DAÑOS EN LAS COSAS,4
"Mercantil_CONTRATOS (COMPRAVENTA, ARRENDAMIENTO, SEGURO)_VENCIMIENTO ANTICIPADO",40
Penal_EVASION DE PRESOS ,3
Penal_RESPONSABILIDAD MEDICA,1
Penal_LESIONES Y OTRO,3
"Penal_FALSIFICACION  Y USO INDEBIDO DE SELLOS, MARCAS, LLAVES Y TROQUELES",8
Familiar_CONCUBINATO_OTRAS,4
Civil_REAL HIPOTECARIA ,73
Penal_DESAPARICIÓN FORZADA ,4
Penal_ROBO CALIFICADO Y OTRO,24
Familiar_ALIMENTOS_MENORES_PAGO,16
"Mercantil_CONTRATOS (COMPRAVENTA, ARRENDAMIENTO, SEGURO)",119
Familiar_CONTRADICCIÓN DE PATERNIDAD Y MATERNIDAD. (FILIACIÓN)_RECONOCIMIENTO,7
Civil_ACCIÓN RESCISIÓN DE CONTRATO_MUTUO,7
Familiar_DIVORCIO_INCAUSADO_OTRAS,5
Penal_HOMICIDIO EN GRADO DE TENTATIVA Y OTROS,3
Penal_DESPOJO Y DAÑO EN LAS COSAS,3
Mercantil_ACCIÓN DE RESCISIÓN DE CONTRATO DE COMPRAVENTA,32
Civil_DIVORCIO INCAUSADO,96
Mercantil_PAGO DE FIANZA,3
Civil_ACCIÓN DE TERMINACIÓN DE CONTRATO,14
Civil_INTERDICTO DE RETENER LA POSESIÓN,38
Penal_TENTATIVA DE DESPOJO DE INMUEBLES Y AGUAS,1
Civil_ACCIÓN DE CUMPLIMIENTO DE CONTRATO_OTROS_DAÑOS Y PERJUICIOS,2
Penal_CORRUPCION DE MENORES Y OTROS,3
Civil_ACCIONES RELATIVAS AL ARRENDAMIENTO,8
Civil_INTERDICTO DE RECUPERAR LA POSESIÓN,58
Familiar_ESTADO DE INTERDICCIÓN,8
Familiar_GUARDIA Y CUSTODIA,2
Familiar_PATRIA POTESTAD_PÉRDIDA,9
Penal_ROBO EN GRADO DE TENTATIVA,4
Civil_INFORMACIÓN TESTIMONIAL,25
Penal_HOMICIDIO SIMPLE INTENCIONAL EN GRADO DE TENTATIVA,4
Civil_NULIDAD DE CONTRATO_DONACIÓN,1
Familiar_CONCUBINATO,5
Familiar_ADOPCIÓN_SIMPLE,4
Penal_ROBO CALIFICADO Y CORRUPCION DE MENORES,3
Familiar_MATRIMONIO_INEFICACIA (NULIDAD),3
Civil_HIPOTECARIA_PRESCRIPCIÓN NEGATIVA DE OBLIGACIONES DERIVADAS DE HIPOTECA,1
Civil_REVOCACIÓN DE DONACIÓN,17
Civil_INTERDICTO DE OBRA NUEVA,127
Civil_RESCISION CONTRATO DE PERMUTA,2
Familiar_CONCUBINATO_COMPENSACIÓN,1
Civil_REGISTRO DE ESCRITURA,10
Familiar_MODIFICACIÓN DE ACTAS DEL ESTADO CIVIL_NULIDAD,33
"Mercantil_DERIVADAS DE TESTIMONIOS PÚBLICOS, TESTIMONIOS Y COPIAS CERTIFICADAS EXPEDIDAS POR FEDATARIOS PÚBLICOS",13
Penal_DESVIO Y APROVECHAMIENTO INDEBIDO DE ATRIBUCIONES Y FACULTADES,5
Civil_ACCIÓN DE ADOPCIÓN,6
Mercantil_ENTREGA DE GARANTÍA PRENDARIA,1
Civil_ACCIÓN DE PÉRDIDA DE PATRIA POTESTAD,60
Familiar_MODIFICACIÓN DE ACTAS DEL ESTADO CIVIL,49
Civil_ACCIÓN CONFESORIA,9
Civil_ACCIÓN DE CUMPLIMIENTO DE CONTRATO_PRESTACIÓN DE SERVICIOS ,10
Penal_DESAPARICION COMETIDA POR PARTICULARES Y OTROS,2
Familiar_ALIMENTOS_PAGO,6
Civil_ACCIÓN DE CUMPLIMIENTO DE CONTRATO_MUTUO,4
Penal_LESIONES A TITULO DE CULPA Y DAÑO EN LAS COSAS A TITULO DE CULPA,12
Penal_VIOLENCIA INTRAFAMILIAR Y OTROS,5
Penal_ABUSO SEXUAL INFANTIL Y OTRO,7
Penal_RESPONSABILIDAD MEDICA Y HOMICIDIO A TITULO DE CULPA,1
Penal_HOMICIDIO CALIFICADO Y OTRO,13
Civil_ACCIÓN DE DAÑO MORAL_DAÑOS Y PERJUICIOS,4
Civil_NULIDAD DE CONTRATO_COMPRAVENTA_OTROS,3
Penal_ATENTADOS AL PUDOR,7
Familiar_PATRIA POTESTAD,10
Civil_ACCIÓN DE CUMPLIMIENTO DE CONTRATO DE COMODATO,10
Penal_ABORTO,25
Mercantil_NULIDAD DE LA CONVOCATORIA DE LA ASAMBLEA GENERAL DE ACCIONISTAS,1
Familiar_SUCESORIO,38
Familiar_CONTRADICCIÓN DE PATERNIDAD Y MATERNIDAD. (FILIACIÓN)_DESCONOCIMIENTO,8
Civil_ACCIÓN PROFORMA_INSCRIPCIÓN  EN REGISTRO PUBLICO,4
Penal_PROSTITUCION AJENA U OTRAS FORMAS DE EXPLOTACION SEXUAL Y LENOCINIO,1
Penal_PARRICIDIO Y OTROS,1
Civil_ACCIÓN DE NULIDAD_NULIDAD DE JUICIO CONCLUIDO,3
Familiar_ALIMENTOS_CÓNYUGES,2
"Penal_FALSIFICACION DE DOCUMENTOS EXPEDIDOS POR LOS PODERES DEL ESTADO, ORGANISMOS AUTONOMOS EN SU MODALID",4
Penal_VIOLENCIA INTRAFAMILIAR Y MALTRATO AL INFANTE,4
Penal_LESIONES DOLOSAS Y AMENAZAS,2
Familiar_SUCESORIO_TESTAMENTARIO_OTRAS,9
Penal_VIOLACION Y OTROS,6
Civil_NULIDAD Y REIVINDICATORIA,8
Familiar_SUCESORIO_TESTAMENTARIO_PARTICIÓN Y ADJUDICACIÓN,6
Penal_LESIONES Y MALTRATO AL INFANTE,1
Penal_USO DE DOCUMENTO FALSO,1
Penal_SECUESTRO EN GRADO DE TENTATIVA,2
Mercantil_NULIDAD DE ASAMBLEA ,11
Penal_COHECHO,18
Penal_VIOLACIÓN DE DEPOSITO,8
Civil_ACCIÓN DE NULIDAD DE JUICIO,24
Penal_SECUESTRO Y DELINCUENCIA ORGANIZADA,12
Penal_HOMICIDIO AGRAVADO Y ROBO CALIFICADO,1
Penal_VIOLACION Y LESIONES DOLOSAS,1
Penal_HOMICIDIO EN RIÑA  INESPERADA,4
Civil_ACCIÓN DE CUMPLIMIENTO DE CONTRATO_COMPRAVENTA_OTROS,4
Mercantil_EJECUCIÓN DE FIDEICOMISO OTORGADO EN GARANTÍA,4
"Penal_ABUSO SEXUAL INFANTIL AGRAVADO, CORRUPCION DE MENORES Y VIOLENCIA INTRAFAMILIAR",1
Penal_ABUSO SEXUAL INFANTIL AGRAVADO Y VIOLACION,1
Penal_CONTRA LA DIGNIDAD DE LAS PERSONAS ,1
Civil_ACCIÓN DE CUMPLIMIENTO DE CONTRATO_OTROS,6
Familiar_ADOPCIÓN,3
Civil_PRESCRIPCION DE LA ACCION HIPOTECARIA,39
Civil_ACCIÓN DE RESPONSABILIDAD CIVIL OBJETIVA_OTRA,5
Penal_SECUESTRO Y OTROS,9
Mercantil_TERCERÍAS EXCLUYENTES,4
Civil_ACCIÓN DE RESPONSABILIDAD PROFESIONAL,1
Civil_ACCIONES RELATIVAS AL COMODATO_TERMINACIÓN COMODATO,1
Penal_FEMINICIDIO EN GRADO DE TENTATIVA Y OTRO,1
Penal_DELITOS COMETIDOS EN LA ADMINISTRACION DE JUSTICIA Y EN OTROS RAMOS DEL PODER PUBLICO A TITULO DE DOLO,3
Penal_LESIONES Y HOMICIDIO AMBOS A TITULO DE CULPA,3
Penal_VIOLACION Y CORRUPCION DE MENORES,2
Penal_ROBO EQUIPARADO EN SU MODALIDAD DE UTILIZACION DE VEHÍCULOS ROBADOS A SABIENDAS DE SU ORIGEN ILICITO,1
Familiar_MODIFICACIÓN DE ACTAS DEL ESTADO CIVIL_ANOTACIÓN_ACLARACIÓN,1
Penal_TENTATIVA DE HOMICIDIO EN RIÑA INESPERADA,1
Civil_ACCION DE PATERNIDAD Y DE CUSTODIA COMPARTIDA,6
Familiar_MODIFICACIÓN DE ACTAS DEL ESTADO CIVIL_ACLARACIÓN,1
Penal_VIOLACION EQUIPARADA Y OTROS,1
Civil_ACCIÓN NEGATORIA,10
Penal_SECUESTRO Y EXTORSION,3
Penal_LESIONES COMETIDAS A TITULO DE CULPA,4
Penal_VIOLACION Y VIOLENCIA INTRAFAMILIAR,5
Penal_VIOLENCIA INTRAFAMILIAR Y OTRO,1
Penal_ROBO CALIFICADO Y CONTRA LA SALUD,6
Penal_HOMICIDIO CALIFICADO Y DAÑO EN LAS COSAS A TITULO DE CULPA,5
Penal_CONTRA LA SALUD Y NARCOMENUDEO,10
Penal_ROBO CALIFICADO Y HOMICIDIO CALIFICADO,8
Penal_TENTATIVA DE HOMICIDIO SIMPLE,2
Penal_DESPOJO DE INMUEBLES Y OTROS,5
Civil_NULIDAD DE CONTRATO,18
Civil_DILIGENCIA INFORMACIÓN AD PERPETUAM,19
Civil_COADYUVANTES,1
Familiar_MATRIMONIO_ILEGITIMIDAD (NULIDAD),7
Familiar_SUCESORIO_INTESTAMENTARIO_PARTICIÓN Y ADJUDICACIÓN,7
"Mercantil_ARRENDAMIENTO (INMUEBLES, MUEBLES, FINANCIERO)_TERMINACIÓN",2
Penal_CONFLICTO DE COMPETENCIA,8
Penal_DAÑOS EN LAS COSAS A TITULO DE CULPA,8
Mercantil_ACCIÓN DE RENDICIÓN DE CUENTAS,12
Civil_ACCIÓN DE TERMINACIÓN DE CONTRATO_COMODATO,1
Familiar_DIVORCIO_CONTENCIOSO_LIQUIDACIÓN DE LA SOCIEDAD,4
Penal_HOMICIDIO Y DAÑO EN LAS COSAS A TITULO DE CULPA,11
Penal_ROBO CALIFICADO Y ABUSO DE AUTORIDAD,1
Penal_HOMICIDIO CULPOSO Y OTRO,2
Penal_LESIONES Y DAÑO EN LAS COSAS A TITULO DE CULPA,11
Penal_LESIONES Y DAÑOS A TITULO DE CULPA,1
Civil_ACCIÓN INDEMNIZATORIA,11
Mercantil_INTERPELACIÓN JUDICIAL,4
Familiar_LIQUIDACIÓN DE LA SOCIEDAD,1
Mercantil_CUMPLIMIENTO DE FIDEICOMISO,15
Mercantil_NULIDAD DE JUICIO CONCLUIDO,1
Familiar_GUARDIA Y CUSTODIA_MENOR,3
Civil_ACCIÓN DE CUMPLIMIENTO DE CONTRATO_TRANSACCIONES_OTROS,1
Civil_CUMPLIMIENTO DE CONTRATO DE PERMUTA,6
Penal_LESIONES DOLOSAS Y VIOLENCIA INTRAFAMILIAR,3
Penal_ABUSO SEXUAL INFANTIL Y OTROS,2
Familiar_MATRIMONIO_ILEGITIMIDAD (NULIDAD)_OTRAS,1
Familiar_DIVORCIO_CONTENCIOSO_ALIMENTOS,18
Penal_VIOLACION Y OTRO,4
Penal_VIOLENCIA FAMILIAR Y LESIONES DOLOSAS,2
Penal_ABUSO SEXUAL AGRAVADO ,3
"Penal_SUSTRACCION, ROBO Y TRAFICO DE MENORES",1
Penal_LESIONES DOLOSAS Y VIOLENCIA FAMILIAR,1
Familiar_PETICIÓN DE HERENCIA_OTRAS,3
Familiar_DIVORCIO_INCAUSADO_VISITAS Y CONVIVENCIA,4
Penal_SECUESTRO EN SU MODALIDAD DE EXIGIR RESCATE,5
Familiar_INFORMACIÓN TESTIMONIAL_OTRAS,3
Penal_HOMICIDIO Y OTRO,2
Penal_VIOLACION Y ABUSO SEXUAL INFANTIL,2
Penal_DESPOJO DE INMUEBLES Y AGUAS Y OTROS,1
Mercantil_OPOSICIÓN A DECISIONES TOMADAS EN LA ASAMBLEA GENERAL DE ACCIONISTAS,2
Penal_TENTATIVA DE FEMINICIDIO,4
Civil_ACCIÓN DE RESPONSABILIDAD CIVIL SUBJETIVA,5
Penal_LESIONES A TITULO DE CULPA Y DAÑO EN LAS COSAS ,3
Penal_VIOLENCIA FAMILIAR Y AMENAZAS,1
Penal_PRIVACION ILEGAL DE LA LIBERTAD Y VIOLACION,1
Penal_VIOLENCIA FAMILIAR Y VIOLACION EQUIPARADA,1
Penal_ABUSO DE AUTORIDAD Y LESIONES CALIFICADAS,2
Penal_USURPACION DE FUNCIONES PUBLICAS O DE PROFESION,4
Penal_DISPARO DE ARMA DE FUEGO Y OTROS,1
Penal_DISPARO DE ARMA DE FUEGO SOBRE PERSONA Y DELITOS COMETIDOS CONTRA REPRESENTANTES DE LA AUTORIDAD,4
Penal_ROBO EQUIPARADO Y CONTRA LA SALUD,1
Civil_ACCIÓN DE DAÑO MORAL_OTRA,2
Civil_ACCIÓN DE INOFICIOSIDAD,3
Penal_ATENTADOS AL PUDOR Y LESIONES,2
Penal_ADULTERIO,1
Penal_ABOGADOS PATRONOS Y LITIGANTES,2
Penal_USURPACION DE FUNCIONES PUBLICAS O DE PROFESION Y USO INDEBIDO DE UNIFORMES O INSIGNIAS,5
Penal_ROBO EQUIPARADO EN SU MODALIDAD DE UTILIZACION DE UN VEHICULO ROBADO A SABIENDAS DE SU PROCEDENCIA ILICITA,5
Penal_MATERIA DE INHUMACIONES Y EXHUMACIONES,1
Penal_ROBO CALIFICADO Y DAÑO EN LAS COSAS A TITULO DOLOSO,1
Penal_HOMICIDIO CALIFICADO Y HOMICIDIO EN GRADO DE TENTATIVA,2
Penal_SECUESTRO AGRAVADO Y DELINCUENCIA ORGANIZADA,1
Penal_ROBO EQUIPARADO EN SU  MODALIDAD DE USO,4
Penal_TENTANTIVA DE ROBO CALIFICADO,10
Penal_VIOLENCIA INTRAFAMILIAR Y LESIONES CALIFICADAS,47
Penal_LESIONES Y DAÑO EN LAS COSAS CULPOSOS,3
Penal_ROBO EQUIPARADO EN SU MODALIDAD DE UTILIZACION,10
Penal_MALTRATO AL INFANTE Y OTROS,1
Penal_ABUSO  SEXUAL INFANTIL  AGRAVADO Y CORRUPCION DE MENORES,3
"Penal_HOMICIDIO, DAÑO EN LAS COSAS Y LESIONES",1
Penal_TENTATIVA DE PARRICIDIO ,73
Penal_ULTRAJES A LA MORAL Y A LAS BUENAS COSTUMBRES E INCITACION A LA PROSTITUCION,1
Penal_PECULADO,4
Penal_HOMICIDIO CALIFICADO Y LESIONES,1
Penal_VIOLACION DE DEPOSITO Y FRAUDE ESPECIFICO,9
Penal_HOMICIDIO CALIFICADO EN GRADO DE TENTATIVA Y OTROS,1
Penal_LESIONES EN RIÑA INESPERADA,1
Penal_NARCOMENUDEO,8
Penal_LESIONES Y VIOLENCIA INTRAFAMILIAR ,4
Penal_TENTATIVA DE HOMICIDIO Y ROBO CALIFICADO,1
Penal_CONTRA EL DESARROLLO URBANO Y OTRO,1
Penal_HOMICIDIO A TITULO DE CULPA POR IMPRUDENCIA,2
Penal_SUBSTRACCION DE MENORES ,2
Penal_LESIONES INTENCIONALES,4
Penal_FRAUDE GENERICO Y FRAUDE ESPECIFICO ,2
Penal_CONTRA LA SALUD EN SU MODALIDAD DE NARCOMENUDEO CON FINES DE COMERCIO,12
Penal_VIOLENCIA INTRAFAMILIAR Y ABANDONO DE FAMILIARES,3
Penal_ROBO AGRAVIADO,1
Penal_ROBO EQUIPARADO EN SU MODALIDAD DE DESMANTELAMIENTO DE VEHICULOS ROBADOS,1
Penal_TENTATIVA DE ROBO DE INFANTE,1
Penal_COHECHO Y OTROS,1
Penal_DAÑO EN LAS COSAS Y LESIONES AMBOS A TITULO DE CULPA,6
Penal_DAÑO EN LAS COSAS A TITULO DE CULPA Y LESIONES A TITULO DE CULPA,6
Penal_ADQUISICION ILEGITIMA DE BIENES MATERIA DE UN DELITO O UNA INFRACCION PENAL,2
Penal_CONTRA LA SALUD Y OTRO,4
Penal_ROBO EQUIPARADO Y OTROS,4
Penal_DESOBEDIENCIA O RESISTENCIA DE PARTICULARES,3
Penal_CORRUPCION DE MENORES Y ABUSO SEXUAL INFANTIL,3
Penal_FRAUDE Y FALSIFICACION DE DOCUMENTOS EN GENERAL,1
Penal_ROBO EQUIPARADO Y OTRO,3
Penal_ABUSO DE CONFIANZA EQUIPARADO,3
Penal_FRAUDE Y SUPLANTACION DE IDENTIDAD,1
Penal_RESPONSABILIDAD PROFESIONAL ,1
Penal_LESIONES SIMPLES DOLOSAS,2
Penal_TENTATIVA DE HOMICIDIO CALIFICADO Y TENTATIVA DE ROBO CALIFICADO,1
Penal_RESPONSABILIDAD MEDICA Y LESIONES CULPOSAS,2
Penal_PROSTITUCION INFANTIL,1
Penal_LESIONES Y AMENAZAS,3
Penal_QUEJA ,4
"Penal_FALSIFICACION DE DOCUMENTOS EXPEDIDOS POR LOS PODERES DEL ESTADO, ORGANISMOS AUTONOMOS, AYUNTAMIENTOS O DE LOS DOCUMENTOS DE CREDITO ",2
Penal_HOMICIDIO CULPOSO Y LESIONES,1
Penal_DAÑO EN LAS COSAS Y LESIONES CULPOSAS,3
Penal_DESOBEDIENCIA O RESISTENCIA DE PARTICULARES Y OTRO,4
Penal_DESPOJO DE INMUEBLES Y ROBO CALIFICADO,2
Penal_ROBO CALIFICADO Y PRIVACION ILEGAL DE LA LIBERTAD Y OTROS DERECHOS ,4
Penal_VIOLENCIA INTRAFAMILIAR EQUIPARADA Y LESIONES DOLOSAS,1
Penal_EXCUSA,2
Penal_ALLANAMIENTO DE MORADA Y LESIONES,1
Penal_CORRUPCION DE MENORES Y OTRO,3
Civil_ACCIÓN RESCISIÓN DE CONTRATO_PRESTACIÓN DE SERVICIOS ,3
Civil_ACCIÓN RESCISIÓN DE CONTRATO_HIPOTECA,1
Civil_ACCIONES RELATIVAS AL ARRENDAMIENTO_NULIDAD_NULIDAD,1
Penal_PRIVACION ILEGAL DE LA LIBERTAD ,111
Penal_HOMICIDIO CALIFICADO Y DELITOS EN MATERIA DE INHUMACION Y EXHUMACION,1
"Penal_ROBO CALIFICADO Y FALSIFICACION Y USO INDEBIDO DE SELLOS, MARCAS, LLAVES Y TROQUELES",3
Penal_VIOLACION AGRAVADA,1
Familiar_CONCUBINATO_DECLARACIÓN DE CONCUBINATO,1
Familiar_PETICIÓN DE HERENCIA,9
Civil_ACCIÓN DE CUMPLIMIENTO DE CONTRATO_APARCERÍA_OTROS,1
"Mercantil_CONTRATOS (COMPRAVENTA, ARRENDAMIENTO, SEGURO)_CUMPLIMIENTO",10
Penal_TENTATIVA DE HOMICIDIO CALIFICADO Y OTRO,3
Penal_SUSTRACCIÓN DE MENORES Y ABANDONO DE FAMILIARES,1
Penal_HOMICIDIO Y TENTATIVA DE HOMICIDIO,1
Penal_DESPOJO DE INMUEBLES Y DAÑO EN LAS COSAS,3
Penal_ATAQUE PELIGROSO,1
Penal_VIOLENCIA INTRAFAMILIAR Y LESIONES SIMPLES ,3
Penal_VIOLENCIA INTRAFAMILIAR EQUIPARADA Y ABUSO SEXUAL INFANTIL AGRAVADO,2
Penal_HOMICIDIO CALIFICADO Y TENTATIVA DE ROBO CALIFICADO,2
Penal_LESIONES A TITULO DE CULPA GRAVE,4
Penal_ABIGEATO CALIFICADO,10
Penal_ROBO CALIFICADO Y PRIVACION ILEGAL DE LA LIBERTAD,2
Penal_HOMICIDIO IMPRUDENCIAL Y DAÑO EN LAS COSAS CULPOSO,1
Familiar_NULIDAD TESTAMENTO_OTRAS,1
Penal_LESIONES Y DELITOS COMETIDOS CONTRA REPRESENTANTES DE LA AUTORIDAD,2
Penal_HOMICIDIO CALIFICADO Y OTROS,6
Penal_DAÑO A LAS COSAS A TITULO DE CULPA,4
Penal_LESIONES CALIFICADAS Y MALTRATO AL INFANTE,1
Penal_DAÑO EN LAS COSAS Y HOMICIDIO A TITULO DE CULPA,1
"Penal_VIOLENCIA INTRAFAMILIAR, MALTRATO AL INFANTE Y LESIONES",2
"Penal_LESIONES, DAÑO EN LAS COSAS Y HOMICIDIO A TITULO DE CULPA",1
Familiar_CONTRADICCIÓN DE PATERNIDAD Y MATERNIDAD. (FILIACIÓN)_RECONOCIMIENTO_OTRAS,2
Penal_ABUSO SEXUAL,6
Mercantil_ACCION DE RESTITUCIÓN DE INMUEBLE,6
Penal_DAÑO A LAS COSAS,3
Penal_PROSTITUCION INFANTIL Y ABUSO SEXUAL INFANTIL AGRAVADO,1
Penal_HOMICIDIO CALIFICADO EN GRADO DE TENTATIVA Y DELINCUENCIA ORGANIZADA,1
Penal_ROBO CALIFICADO Y TENTATIVA DE ROBO CALIFICADO,2
Penal_DAÑO EN LAS COSAS Y LESIONES A TITULO DE CULPA,1
Penal_CORRUPCION DE MENORES AGRAVADO Y ABUSO SEXUAL INFANTIL AGRAVADO,4
Penal_EJERCICIO INDEBIDO Y ABANDONO DEL SERVICIO PUBLICO,1
Civil_ACCIONES RELATIVAS AL ARRENDAMIENTO_RESCISIÓN_RESCISIÓN,4
Penal_DAÑO EN LAS COSAS Y DESPOJO,1
Penal_HOMICIDIO Y DAÑO EN LAS COSAS IMPRUDENCIAL,1
Penal_HOMICIDIO Y ROBO CALIFICADO,5
Penal_HOMICIDIO A TITULO DE CULPA GRAVE Y OTRO,5
Penal_FRAUDE ESPECIFICO Y OTROS ,1
Penal_SUSTRACCION DE MENORES,5
Penal_ABANDONO DE PERSONAS Y FAMILIARES,1
Civil_ACCIÓN DE NULIDAD_NULIDAD DE CONTRATO_OTRAS,2
Penal_ABUSO SEXUAL INFANTIL AGRAVADO Y CORRUPCION DE MENORES,2
Familiar_GUARDA Y CUSTODIA,9
Familiar_NULIDAD TESTAMENTO,9
Penal_PRIVACION ILEGAL DE LA LIBERTAD Y ROBO CALIFICADO,1
Civil_ACCIÓN PAULIANA_OTRA,2
Civil_ACCIÓN RESCISIÓN DE CONTRATO_HIPOTECA_OTROS,1
Mercantil_INCUMPLIMIENTO DE FIDEICOMISO,6
Familiar_DISPOSICIÓN DE BIENES_OTRAS_INMUEBLES,1
Penal_TENTATIVA DE FRAUDE GENERICO,2
Mercantil_ACCIÓN DE PAGO_COMISIONES,4
Civil_ACCIÓN RESCISIÓN DE CONTRATO_PRESTACIÓN DE SERVICIOS _OTROS,1
Civil_ACCIÓN CONFESORIA_OTRAS_OTRAS,1
Familiar_DIVORCIO_INCAUSADO_COMPENSACIÓN,3
Familiar_ADOPCIÓN_PLENA,2
Penal_HOMICIDIO CALIFICADO Y VIOLACIÓN,1
Penal_MALTRATO INFANTIL Y LESIONES,1
Penal_HOMICIDIO SIMPLE INTENCIONAL Y ROBO CALIFICADO,3
Familiar_DIVORCIO_CONTENCIOSO,158
"Penal_VIOLENCIA INTRAFAMILIAR, MALTRATO AL INFANTE Y LESIONES SIMPLES",1
Familiar_VISITAS Y CONVIVENCIAS_MENOR_OTRAS,4
Penal_HOMICIDIO CALIFICADO Y SECUESTRO,1
Penal_DISPARO DE ARMA DE FUEGO SOBRE PERSONA ,1
Penal_PANDILLERISMO Y OTROS,1
Familiar_ESTADO DE INTERDICCIÓN_OTRAS,4
Familiar_PATRIA POTESTAD_PÉRDIDA_ALIMENTOS,2
Familiar_CONTRADICCIÓN DE PATERNIDAD Y MATERNIDAD. (FILIACIÓN)_RECONOCIMIENTO_ALIMENTOS,2
"Mercantil_RECONOCIMIENTO DE FIRMA, MONTO Y CAUSA DEL ADEUDO ",3
Penal_ROBO DE INFANTE,3
Civil_HIPOTECARIA_PRESCRIPCIÓN NEGATIVA DE OBLIGACIONES DERIVADAS DE HIPOTECA_OTRA,2
Penal_ASOCIACIÓN DELICTUOSA,2
"Penal_FALSIFICACION Y USO INDEBIDO DE SELLOS, MARCAS, LLAVES Y TROQUELES",1
Penal_LESIONES A TITULO DE CULPA GRAVE Y OTRO,2
Penal_PLAGIO O SECUESTRO ,2
Penal_ENCUBRIMIENTO,3
Penal_CORRUPCION DE MENORES Y VIOLENCIA INTRAFAMILIAR,1
Penal_VIOLENCIA INTRAFAMILIAR Y LESIONES DOLOSAS CALIFICADAS,1
Penal_ROBO EQUIPARADO EN SU MODALIDAD DE USO,4
Penal_HOMICIDIO SIMPLE,2
Penal_ROBO CALIFICADO Y LESIONES CALIFICADAS,2
Penal_HOMICIDIO DOLOSO,1
Civil_NULIDAD DE CONTRATO_DONACIÓN_OTROS,1
Penal_SUPLANTACIÓN DE IDENTIDAD,4
Penal_ULTRAJES A LA MORAL Y A LAS BUENAS COSTUMBRES ,3
Penal_DELITOS COMETIDOS EN LA ADMINISTRACION DE JUSTICIA Y EN OTROS RAMOS DEL PODER PUBLICO,2
Penal_HOMICIDIO A TITULO DE CULPA Y DAÑO EN LAS COSAS A TITULO DE CULPA ,5
Familiar_ACCIÓN DE PAGO DE PENSIÓN ALIMENTICIA,1
Penal_CONTRA LA SALUD Y OTROS,2
Familiar_ALIMENTOS_MENORES_ASEGURAMIENTO,1
Penal_DAÑO EN LAS COSAS A TITULO DE CULPA POR IMPRUDENCIA,1
Penal_ADMINISTRACION FRAUDULENTA Y OTROS,1
Penal_PANDILLERISMO Y ALLANAMIENTO DE MORADA,1
Civil_ACCIÓN DE ENRIQUECIMIENTO ILEGÍTIMO,8
Penal_PARRICIDIO Y VIOLACION,1
Penal_ABUSO DE AUTORIDAD Y DELITOS COMETIDOS EN LA ADMINISTRACION DE JUSTICIA Y EN OTROS RAMOS DEL PODER PUBLICO,1
Penal_FEMINICIDIO Y ROBO CALIFICADO,2
Familiar_LIQUIDACIÓN DE LA SOCIEDAD_OTRAS,2
Familiar_MATRIMONIO,2
Penal_ABUSO SEXUAL INFANTIL AGRAVADO Y VIOLENCIA INTRAFAMILIAR,4
Mercantil_REPOSICIÓN DE TÍTULOS DE CRÉDITO,1
Familiar_EJECUCIÓN DE CONVENIO,2
Familiar_DIVORCIO_TERMINACIÓN DE LA SOCIEDAD,1
Civil_ACCIÓN DE TERMINACIÓN DE CONTRATO_HIPOTECA,1
Familiar_RENDICIÓN DE CUENTAS,2
Familiar_DISPOSICIÓN DE BIENES,2
Mercantil_CONVOCATORIA PARA ASAMBLEA GENERAL DE ACCIONISTAS,1
Penal_CORRUPCION DE MENORES Y ABUSO SEXUAL INFANTIL AGRAVADO,2
Civil_ACCIÓN DE CUMPLIMIENTO DE CONTRATO_HIPOTECA_OTROS,1
Civil_ACCIÓN DE NULIDAD_NULIDAD DE ESCRITURA_OTRAS,1
Civil_ACREDITAR PROPIEDAD DE VEHICULO,3
Penal_VIOLENCIA FAMILIAR Y OTROS,3
Civil_ACCIÓN DE REVOCACIÓN_DE MANDATO,1
Penal_FEMINICIDIO Y OTRO,2
Mercantil_NOTIFICACIÓN JUDICIAL,4
Familiar_MODIFICACIÓN DE ACTAS DEL ESTADO CIVIL_RECTIFICACIÓN_ACLARACIÓN,1
Familiar_DIVORCIO_CONTENCIOSO_GUARDA Y CUSTODIA,4
Mercantil_LAUDO ARBITRAL,1
Civil_ACCIÓN RESCISIÓN DE CONTRATO_DONACIÓN_OTROS,1
Civil_ACCIÓN DE REVOCACIÓN_DE DONACIÓN_ANOTACIÓN EN REGISTRO PUBLICO,1
Familiar_INTERDICTOS_RECUPERAR POSESIÓN DE MENOR,1
Penal_HOMICIDIO A TITULO DE CULPA Y OTROS,3
Penal_RESPONSABILIDAD MEDICA Y OTRO,1
Civil_ACCIÓN DE LIQUIDACIÓN,3
Civil_ACCIONES RELATIVAS AL ARRENDAMIENTO_OTRAS,1
Civil_HIPOTECARIA_VENCIMIENTO ANTICIPADO_PAGO,6
Familiar_PARTICIÓN_OTRAS,1
Penal_ABUSO SEXUAL INFANTIL AGRAVADO Y OTRO,2
Penal_DESPOJO DE INMUEBLES EN GRADO DE TENTATIVA,1
Penal_PANDILLERISMO Y HOMICIDIO CALIFICADO EN GRADO DE TENTATIVA,1
Familiar_PATRIMONIO DE FAMILIA,1
Civil_ACCIÓN REIVINDICATORIA_DAÑOS Y PERJUICIOS,1
Civil_ACCIÓN DE RESPONSABILIDAD CIVIL OBJETIVA_DAÑO MORAL,4
Civil_HIPOTECARIA_PRESCRIPCIÓN NEGATIVA DE OBLIGACIONES DERIVADAS DE HIPOTECA_CANCELACIÓN EN REGISTRO PUBLICO,1
Mercantil_JUICIO SUCESORIO INTESTAMENTARIO,1
Civil_ACCIÓN RESCISIÓN DE CONTRATO_ARRENDAMIENTO,1
Mercantil_ACCIÓN CAMBIARIA EN VÍA DE REGRESO,1
Penal_PORTACION  DE ARMA DE FUEGO SIN LICENCIA,1
Familiar_DIVORCIO_LIQUIDACIÓN DE LA SOCIEDAD,2
Penal_LESIONES A TITULO DE CULPA Y OTRO,2
Penal_ROBO SIMPLE EN GRADO DE TENTATIVA,2
Penal_LESIONES DOLOSAS CALIFICADAS,1
Penal_HOMICIDIO CALIFICADO Y ROBO SIMPLE,1
Penal_SECUESTRO EXPRESS,1
Penal_HOMICIDIO EN RIÑA COMO PROVOCADO,1
Civil_ACCIÓN DE NULIDAD_OTRAS_DAÑOS Y PERJUICIOS,1
Civil_HIPOTECARIA_OTRAS_OTRA,3
Penal_HOMICIDIO A TITULO DE CULPA Y OTRO,4
Penal_LESIONES CALIFICADAS Y VIOLENCIA INTRAFAMILIAR,2
"Penal_VIOLENCIA FAMILIAR, AMENAZAS Y LESIONES",1
Penal_DESPOJO Y ROBO CALIFICADO,1
Penal_ROBO CALIFICADO Y ASOCIACION DELICTUOSA,2
Penal_FRAUDE EN GRADO DE TENTATIVA,1
Familiar_PATRIA POTESTAD_PÉRDIDA_GUARDA Y CUSTODIA,1
"Familiar_REFORMA DE INVENTARIO Y AVALÚO 
(TRÁMITE SUCESORIO)",1
Civil_ACCIONES RELATIVAS AL ARRENDAMIENTO_CUMPLIMIENTO_PAGO,1
Civil_INOFICIOSIDAD DE ESRCITURA DE DONACIÓN,1
Mercantil_LIQUIDACIÓN DE SOCIEDADES MERCANTILES,2
Familiar_DIVORCIO_COMPENSACIÓN,1
Penal_ABIGEATO Y ROBO DE ANIMALES,1
Penal_FALSIFICACIÓN DE DOCUMENTOS EN GENERAL EN SU MODALIDAD DE USO DE DOCUMENTO FALSO,2
Penal_MALTRATO AL INFANTE,1
Penal_TENTATIVA DE ROBO,2
Penal_COHECHO Y ABUSO SEXUAL INFANTIL AGRAVADO,2
Penal_LESIONES EN RIÑA,5
"Mercantil_ARRENDAMIENTO (INMUEBLES, MUEBLES, FINANCIERO)",1
"Mercantil_ARRENDAMIENTO (INMUEBLES, MUEBLES, FINANCIERO)_RESCISIÓN ",1
"Penal_ROBO EQUIPARADO Y FALSIFICACION Y USO INDEBIDO DE SELLOS , MARCAS Y TROQUELES",4
"Penal_HOMICIDIO, LESIONES Y DAÑO EN LAS COSAS  TODOS A TITULO DE CULPA",2
Penal_TENTATIVA DE HOMICIDIO CALIFICADO Y PANDILLERISMO,1
Penal_VIOLENCIA INTRAFAMILIAR Y DESOBEDIENCIA O RESISTENCIA DE PARTICULARES,2
Civil_NULIDAD DE CONTRATO_ARRENDAMIENTO_OTROS,1
Civil_ACCIÓN DE TERMINACIÓN DE CONTRATO_OTROS_OTROS,1
Familiar_MATRIMONIO_INEFICACIA (NULIDAD)_OTRAS,1
Familiar_ALIMENTOS_ASCENDENTES_ASEGURAMIENTO,1
Civil_INFORMACIÓN TESTIMONIAL_POSESIÓN DE UN BIEN MUEBLE ,2
Penal_HOMICIDIO CULPOSO Y RESPONSABILIDAD MEDICA,1
Penal_LESIONES A TITULO DE CULPA POR IMPRUDENCIA,1
Familiar_MODIFICACIÓN DE ACTAS DEL ESTADO CIVIL_OTRAS,1
Penal_DISPARO DE ARMA DE FUEGO SOBRE PERSONA Y OTROS,2
Civil_HIPOTECARIA_PAGO_OTRA,1
Civil_INOPONIBILIDAD_DE ACTO JURÍDICO CONTENIDO EN CONTRATO,2
Civil_ACCIONES RELATIVAS AL ARRENDAMIENTO_RESCISIÓN,1
Familiar_VISITAS Y CONVIVENCIAS_MENOR,1
Familiar_DIVORCIO_OTRAS,1
Civil_ACCIÓN INTERDICTAL_DE RECUPERAR LA POSESIÓN_OTRAS,1
Civil_HIPOTECARIA_PAGO_PAGO,1
Penal_ROBO CALIFICADO Y ROBO EQUIPARADO,1
Civil_ACCIÓN NEGATORIA_OTRAS,1
Familiar_PRESUNCIÓN DE MUERTE DEL AUSENTE,1
Civil_ACCIONES RELATIVAS AL ARRENDAMIENTO_TERMINACIÓN_RESCISIÓN,1
Penal_HOMICIDIO CALIFICADO Y DELINCUENCIA ORGANIZADA,1
"Penal_CORRUPCION DE MENORES, PROSTITUCION INFANTIL Y ABUSO SEXUAL INFANTIL",1
"Penal_HOMICIDIO, LESIONES Y DAÑO EN LAS COSAS CULPOSOS",1
Civil_ACCIÓN DE NULIDAD_CANCELACIÓN EN REGISTRO PUBLICO,1
Penal_HOMICIDIO SIMPLE INTENCIONAL Y LESIONES SIMPLES,1
Penal_ABIGEATO Y ROBO CALIFICADO,1
Penal_ABANDONO DE PERSONAS,1
Penal_LESIONES CALIFICADAS Y OTRO,3
Penal_HOMICIDIO EN RIÑA INESPERADA,1
Penal_PARRICIDIO Y VIOLENCIA FAMILIAR,1
Penal_ATAQUE PELIGROSO Y DELITOS COMETIDOS EN CONTRA DE REPRESENTANTES DE LA AUTORIDAD,1
Familiar_DIVORCIO_CONTENCIOSO_OTRAS,2
Penal_ROBO CALIFICADO Y SECUESTRO EXPRESS AGRAVADO,1
Penal_ROBO CALIFICADO Y COHECHO,1
Penal_TENTATIVA DE ROBO CALIFICADO Y OTRO,1
Civil_ACCIÓN CONFESORIA_RECONOCIMIENTO DE SERVIDUMBRE,6
Civil_ACCIÓN DE CUMPLIMIENTO DE CONTRATO_COMPRAVENTA,4
Penal_SECUESTRO EXPRESS AGRAVADO,3
Penal_HOMICIDIO Y LESIONES AMBOS A TITULO DE CULPA GRAVE,1
Penal_HOMICIDIO CALIFICADO TENTADO,1
Civil_ACCIÓN RESCISIÓN DE CONTRATO_COMPRAVENTA_OTROS,1
Penal_ABUSO SEXUAL INFANTIL AGRAVADO EN GRADO DE TENTATIVA,1
Penal_ASOCIACION DELICTUOSA Y OTROS,1
Civil_ACCIONES RELATIVAS AL ARRENDAMIENTO_PAGO RENTAS _OTRA,1
Civil_ACCIONES RELATIVAS AL ARRENDAMIENTO_PRÓRROGA DE ARRENDAMIENTO_PAGO,1
Civil_ACCIÓN DE NULIDAD_OTRAS_CANCELACIÓN EN REGISTRO PUBLICO,1
Civil_ACCIÓN DE SANEAMIENTO,1
Civil_ACCIÓN DE CUMPLIMIENTO DE CONTRATO_PRESTACIÓN DE SERVICIOS _DAÑOS Y PERJUICIOS,2
Familiar_ADOPCIÓN_CONVERSIÓN A PLENA,1
Civil_ACCIÓN DE RESPONSABILIDAD CIVIL OBJETIVA_DAÑOS Y PERJUICIOS,5
Civil_HIPOTECARIA_VENCIMIENTO ANTICIPADO,5
Civil_ACCIÓN DE TERMINACIÓN DE CONTRATO_OTROS,3
Familiar_DIVORCIO_GUARDA Y CUSTODIA,1
Civil_HIPOTECARIA_VENCIMIENTO ANTICIPADO_OTRA,2
Penal_FRAUDE Y DESPOJO DE INMUEBLES Y AGUAS,1
Mercantil_ACCIÓN RESCISIÓN DE CONTRATO,1
Civil_HIPOTECARIA_OTRAS_CANCELACIÓN EN REGISTRO PUBLICO,1
Penal_ROBO EQUIPARADO EN SU MODALIDAD DE ENAJENAR CON VEHICULOS O VEHICULOS ROBADOS,1
"Penal_HOMICIDIO CALIFICADO, HOMICIDIO TENTADO Y DAÑO EN LAS COSAS",1
Civil_ACCIÓN RESCISIÓN DE CONTRATO_OTROS,2
Civil_ACCIONES RELATIVAS AL ARRENDAMIENTO_TERMINACIÓN_OTRA,1
Penal_ROBO DE USO,1
Penal_DELITOS EN MATERIA DE SECUESTRO EN SU MODALIDAD DE SECUESTRO EXPRESS CON LA FINALIDAD DE EXTORSIÓN,1
Penal_FALSIFICACION DE DOCUMENTOS ,3
Penal_FALSIFICACION DE DOCUMENTOS EN GENERAL EN SU MODALIDAD DE USO,1
Penal_FALSEDAD DE DECLARACION E INFORMES DADOS A UNA AUTORIDAD,2
Civil_NULIDAD DE CONTRATO_PRESTACIÓN DE SERVICIOS _OTROS,1
Civil_ACCIÓN DE ENRIQUECIMIENTO ILEGÍTIMO_OTRA,2
Penal_VIOLENCIA FAMILIAR EQUIPARADA,2
Civil_DERECHO DE ACCESIÓN,1
Penal_PRIVACION ILEGAL DE LA LIBERTAD Y OTROS DERECHOS,1
Penal_DELINCUENCIA ORGANIZADA Y OTRO,1
Penal_ROBO CALIFICADO Y HOMICIDIO CALIFICADO EN GRADO DE TENTATIVA,1
Penal_FALSIFICACION DE CERTIFICACIONES,1
Familiar_ESTADO DE INTERDICCIÓN_ADQUIRIDA,3
Civil_ACCIONES RELATIVAS AL ARRENDAMIENTO_TERMINACIÓN_PAGO,2
Familiar_MODIFICACIÓN DE ACTAS DEL ESTADO CIVIL_NULIDAD_ACLARACIÓN,1
Civil_ACCIÓN DE RESPONSABILIDAD CIVIL SUBJETIVA_DAÑOS Y PERJUICIOS,1
Familiar_DIVORCIO_VISITAS Y CONVIVENCIA,1
Civil_HIPOTECARIA_PAGO,1
Familiar_ALIMENTOS_MENORES_OTRAS,3
Civil_ACCIONES RELATIVAS AL ARRENDAMIENTO_PRÓRROGA DE ARRENDAMIENTO_CUMPLIMIENTO,2
Civil_ACCIÓN DE SANEAMIENTO_POR EVICCIÓN,1
Familiar_DIVORCIO_CONTENCIOSO_PATRIA POTESTAD,3
"Penal_DELITOS COMETIDOS EN CONTRA DE REPRESENTANTES DE LA AUTORIDAD, PANDILLERISMO, DESOBEDIENCIA O RESISTENCIA DE PARTICULARES Y LESIONES",1
Familiar_RENDICIÓN DE CUENTAS_OTRAS,1
Penal_SECUESTRO Y TENTATIVA DE HOMICIDIO,1
Civil_ACCIONES RELATIVAS AL ARRENDAMIENTO_CUMPLIMIENTO_OTRA,1
Familiar_TUTELA_LEGÍTIMA,1
Civil_CONFLICTO DE COMPETENCIA POR EXCUSA,1
Familiar_DIVORCIO_CONTENCIOSO_VISITAS Y CONVIVENCIA,1
Civil_ACCIÓN DE RESPONSABILIDAD CIVIL SUBJETIVA_OTRA,1
Familiar_MATRIMONIO_ILEGITIMIDAD (NULIDAD)_SITUACIÓN DE LOS HIJOS,1
Familiar_INTERDICTOS_RETENER POSESIÓN DE MENOR,1
Penal_ABANDONO DE FAMILIARES Y DESOBEDIENCIA O RESISTENCIA DE PARTICULARES,1
Penal_ROBO EQUIPARADO EN SU MODALIDAD DE DESMANTELAMIENTO Y ROBO CALIFICADO,1
Penal_HOMICIDIO POR CULPA GRAVE ,1
Penal_CONTRA EL AMBIENTE,1
Civil_OTRAS_OTRAS,1
Familiar_LIQUIDACIÓN DE LA SOCIEDAD_RENDICIÓN DE CUENTAS,1
Civil_ACCIÓN INTERDICTAL_DE RETENER LA POSESIÓN,1
Penal_MALTRATO INFANTIL Y OTRO,1
Penal_HOMICIDIO Y DAÑO EN LAS COSAS CULPOSO ,2
Civil_ACCIÓN RESCISIÓN DE CONTRATO_TRANSACCIONES_OTROS,1
Familiar_DISPOSICIÓN DE BIENES_VENTA DE BIENES,1
Familiar_DECLARACIÓN DE AUSENCIA_OTRAS,1
Civil_INOPONIBILIDAD,1
"Penal_CORRUPCION DE MENORES, VIOLENCIA INTRAFAMILIAR EQUIPARADA Y VIOLACION",1
Penal_ROBO Y HOMICIDIO EN GRADO DE TENTATIVA,2
Mercantil_RECUSACIÓN DE ÁRBITROS,1
Familiar_TUTELA_OTRAS,1
Civil_ACCIÓN DE CUMPLIMIENTO DE CONTRATO_TRANSACCIONES,1
"Penal_HOMICIDIO A TITULO DE CULPA, DAÑO EN LAS COSAS Y LESIONES A TITULO DE CULPA",2
Penal_HOMICIDIO POR CULPA GRAVE Y OTROS,1
Civil_ACCIÓN DE NULIDAD_NULIDAD DE JUICIO CONCLUIDO_DAÑOS Y PERJUICIOS,1
Civil_ACCIONES DERIVADAS DEL RÉGIMEN CONDOMINAL,1
Penal_HOMICIDIO CALIFICADO EN GRADO DE TENTATIVA Y ROBO CALIFICADO,1
Penal_VIOLACION Y ABUSO SEXUAL INFANTIL AGRAVADO,1
Penal_LESIONES Y DAÑOS CULPOSOS,1
Penal_DESPOJO DE INMUEBLES Y AGUAS Y DAÑO EN LAS COSAS,1
Penal_ABUSO SEXUAL INFANTIL Y VIOLENCIA INTRAFAMILIAR,176
Penal_VIOLENCIA FAMILIAR Y ABANDONO DE FAMILIARES,1
Penal_LESIONES Y DAÑOS EN LAS COSAS A TITULO DE CULPA,2
Penal_SUPLANTACION DE IDENTIDAD EQUIPARADA,1
Penal_CONTINUADO DE ATENTADOS AL PUDOR Y CONTINUADO DE VIOLACION EQUIPARADA Y OTRO,1
Penal_HOMICIDIO CALIFICADO Y VIOLACION EQUIPARADA,1
Penal_SECUESTRO AGRAVADO Y OTROS,2
Penal_ROBO CALIFICADO Y HOMICIDIO EN GRADO DE TENTATIVA,1
Penal_TRATA DE PERSONAS CON FINES DE EXPLOTACION SEXUAL Y OTROS,1
Penal_CONTRA EL DESARROLLO URBANO,1
Penal_HOMICIDIO Y DAÑO EN LAS COSAS,1
Penal_ROBO EQUIPARADO EN SU MODALIDAD DE USO Y OTROS,1
Penal_SECUESTRO EXPRESS CON LA FINALIDAD DE EXTORSION,1
Penal_HOMICIDIO EN GRADO DE CULPA,1
Penal_DAÑO EN LAS COSAS A TITULO DE CULPA Y OTRO,1
Penal_ASALTO Y ROBO CALIFICADO,1
Penal_ABUSO DE AUTORIDAD Y ROBO CALIFICADO,1
Penal_DESPOJO DE AGUAS,1
Penal_TENTATIVA DE HOMICIDIO SIMPLE INTENCIONAL,1
Penal_PROSTITUCION INFANTIL Y VIOLACION,1
Penal_ROBO EQUIPARADO EN SU MODALIDAD DE DESMANTELAMIENTO DE VEHICULOS A SABIENDAS DE SU ORIGEN ILICITO,1
Penal_HOMICIDIO EN RIÑA INESPERADA COMO PROVOCADO,1
Penal_ROBO EQUIPARADO EN SU MODALIDAD DE DESMANTELAMIENTO DE UN VEHICULO A SABIENDAS DE SU PROCEDENCIA,1
Penal_HOMICIDIO CALIFICADO Y TENTATIVA DE HOMICIDIO,1
Penal_ROBO DE INFANTE Y ASOCIACION DELICTUOSA,1
Penal_HOMICIDIO CALIFICADO EN GRADO DE TENTATIVA Y OTRO,2
Penal_HOMICIDIO IMPRUDENCIAL Y OTROS,1
Penal_DISPARO DE ARMA DE FUEGO SOBRE PERSONA Y ABUSO SEXUAL INFANTIL AGRAVADO,1
Penal_HOMICIDIO SIMPLE INTENCIONAL Y OTROS,1
Penal_PARRICIDIO Y OTRO,1
Penal_LESIONES CALIFICADAS Y ABUSO DE AUTORIDAD,1
Penal_HOMICIDIO CALIFICADO A TITULO DE CULPA,1
Penal_LESIONES GRAVES A TITULO DE CULPA POR IMPRUDENCIA,1
Penal_ABUSO SEXUAL INFANTIL EQUIPARADO,1
Penal_DAÑO EN LAS COSAS Y OTROS,3
Penal_HOMICIDIO Y OTROS,1
Penal_LESIONES CALIFICADAS Y OTROS,1
Penal_HOMICIDIO TENTADO,1
Penal_FRAUDE ESPECIFICO Y FALSEDAD EN DECLARACIONES E INFORMES DADOS A UNA AUTORIDAD,1
Penal_ABUSO DE CONFIANZA TENTADO,1
Penal_ROBO CALIFICADO Y ABIGEATO,1
Penal_DAÑOS A TITULO DE CULPA,1
"Penal_VIOLENCIA INTRAFAMILIAR, AMENAZAS Y LESIONES",1
Penal_ABUSO SEXUAL INFANTIL EN GRADO DE TENTATIVA,1
